id,title,description,availability,condition,price,link,image_link,additional_image_link,brand
TRV-7794247E,Bicicleta Milano Action Aro 24 18V Rosado,Precio con delivery incluido (zona de cobertura y recargo a coordinar). Entrega rápida en Paraguay. Compra gestionada por Tarvo — pedinos por WhatsApp.,in stock,new,905000 PYG,https://wa.me/595992805800?text=Hola%21%20Quiero%20pedir%3A%20Bicicleta%20Milano%20Action%20Aro%2024%2018V%20Rosad%20%28Gs%20905.000%29,https://miltonroa.github.io/mundo-ofertas/catalog/img/tupi-35376.jpg,,Tarvo
TRV-305A6CEE,Almacenamiento NAS Asustor AS3302T V2 QC,Precio con delivery incluido (zona de cobertura y recargo a coordinar). Entrega rápida en Paraguay. Compra gestionada por Tarvo — pedinos por WhatsApp.,in stock,new,4690000 PYG,https://wa.me/595992805800?text=Hola%21%20Quiero%20pedir%3A%20Almacenamiento%20NAS%20Asustor%20AS3302T%20V2%20QC%20%28Gs%204.690.000%29,https://www.gonzalezgimenez.com.py/storage/sku/asustor-componentes-informaticos-almacenamiento-nas-asustor-as3302t-v2-qc-1-1-1759240024.png?v=1759240024,"https://www.gonzalezgimenez.com.py/storage/sku/asustor-componentes-informaticos-almacenamiento-nas-asustor-as3302t-v2-qc-2-1-1759240024.png,https://www.gonzalezgimenez.com.py/storage/sku/asustor-componentes-informaticos-almacenamiento-nas-asustor-as3302t-v2-qc-3-1-1759240024.png,https://www.gonzalezgimenez.com.py/storage/sku/asustor-componentes-informaticos-almacenamiento-nas-asustor-as3302t-v2-qc-4-1-1759240024.png",Tarvo
TRV-A2B9CB4C,Bicicleta Milano Campione Aro 20 Azul,Precio con delivery incluido (zona de cobertura y recargo a coordinar). Entrega rápida en Paraguay. Compra gestionada por Tarvo — pedinos por WhatsApp.,in stock,new,650000 PYG,https://wa.me/595992805800?text=Hola%21%20Quiero%20pedir%3A%20Bicicleta%20Milano%20Campione%20Aro%2020%20Azul%20%28Gs%20650.000%29,https://miltonroa.github.io/mundo-ofertas/catalog/img/tupi-35071.jpg,,Tarvo
TRV-517734E1,Adaptador USB-C Multifunción 2 HDMI + USB-C + USB-A 8K/60Hz 100W Gris,Precio con delivery incluido (zona de cobertura y recargo a coordinar). Entrega rápida en Paraguay. Compra gestionada por Tarvo — pedinos por WhatsApp.,in stock,new,365000 PYG,https://wa.me/595992805800?text=Hola%21%20Quiero%20pedir%3A%20Adaptador%20USB-C%20Multifunci%C3%B3n%202%20HDMI%20%2B%20US%20%28Gs%20365.000%29,https://www.gonzalezgimenez.com.py/storage/sku/ftx-adaptadores-adaptador-usb-c-multifuncion-2-hdmi-usb-c-usb-a-8k60hz-100w-gris-1-1-1758639905.png?v=1758639905,https://www.gonzalezgimenez.com.py/storage/sku/ftx-adaptadores-adaptador-usb-c-multifuncion-2-hdmi-usb-c-usb-a-8k60hz-100w-gris-2-1-1758639905.png,Tarvo
TRV-4E94EB8B,Tv Midas 43 Fhd Led Smart Google Tv Frameless Serie Md Xp43Gtv,Precio con delivery incluido (zona de cobertura y recargo a coordinar). Entrega rápida en Paraguay. Compra gestionada por Tarvo — pedinos por WhatsApp.,in stock,new,1735000 PYG,https://wa.me/595992805800?text=Hola%21%20Quiero%20pedir%3A%20Tv%20Midas%2043%20Fhd%20Led%20Smart%20Google%20Tv%20Fram%20%28Gs%201.735.000%29,https://miltonroa.github.io/mundo-ofertas/catalog/img/tupi-196855.jpg,,Tarvo
TRV-A376A95F,"Bicimoto Caloi Aro 16"" Rojo",Precio con delivery incluido (zona de cobertura y recargo a coordinar). Entrega rápida en Paraguay. Compra gestionada por Tarvo — pedinos por WhatsApp.,in stock,new,1035000 PYG,https://wa.me/595992805800?text=Hola%21%20Quiero%20pedir%3A%20Bicimoto%20Caloi%20Aro%2016%22%20Rojo%20%28Gs%201.035.000%29,https://www.gonzalezgimenez.com.py/storage/sku/caloi-bicicletas-bicimoto-caloi-aro-16-rojo-1-1-1627053170.jpg?v=1627053170,,Tarvo
TRV-0632527B,Horno Tostador Severin Aire Caliente Spiedo 42Lts. 911 802,Precio con delivery incluido (zona de cobertura y recargo a coordinar). Entrega rápida en Paraguay. Compra gestionada por Tarvo — pedinos por WhatsApp.,in stock,new,2045000 PYG,https://wa.me/595992805800?text=Hola%21%20Quiero%20pedir%3A%20Horno%20Tostador%20Severin%20Aire%20Caliente%20Spi%20%28Gs%202.045.000%29,https://miltonroa.github.io/mundo-ofertas/catalog/img/tupi-72970.jpg,,Tarvo
TRV-BD2C6A33,"Bicimoto Caloi Aro 12"" Rojo",Precio con delivery incluido (zona de cobertura y recargo a coordinar). Entrega rápida en Paraguay. Compra gestionada por Tarvo — pedinos por WhatsApp.,in stock,new,965000 PYG,https://wa.me/595992805800?text=Hola%21%20Quiero%20pedir%3A%20Bicimoto%20Caloi%20Aro%2012%22%20Rojo%20%28Gs%20965.000%29,https://www.gonzalezgimenez.com.py/storage/sku/caloi-bicicletas-bicimoto-caloi-aro-12-rojo-1-1-1723469649.jpg?v=1723469649,,Tarvo
TRV-5D3D3158,Microondas Jam 36L Con Grill 1000W Blanco Ag036Afk,Precio con delivery incluido (zona de cobertura y recargo a coordinar). Entrega rápida en Paraguay. Compra gestionada por Tarvo — pedinos por WhatsApp.,in stock,new,1150000 PYG,https://wa.me/595992805800?text=Hola%21%20Quiero%20pedir%3A%20Microondas%20Jam%2036L%20Con%20Grill%201000W%20Blanc%20%28Gs%201.150.000%29,https://miltonroa.github.io/mundo-ofertas/catalog/img/tupi-45436.jpg,,Tarvo
TRV-E744F4F8,TV Tokyo TVTOKFF43G5 Google Tv 43 Pulgadas FHD Smart,Precio con delivery incluido (zona de cobertura y recargo a coordinar). Entrega rápida en Paraguay. Compra gestionada por Tarvo — pedinos por WhatsApp.,in stock,new,2190000 PYG,https://wa.me/595992805800?text=Hola%21%20Quiero%20pedir%3A%20TV%20Tokyo%20TVTOKFF43G5%20Google%20Tv%2043%20Pulgad%20%28Gs%202.190.000%29,https://www.gonzalezgimenez.com.py/storage/sku/tokyo_smart-tv-full-hd_tv-tokyo-tvtokff43g5-google-tv-43-pulgadas-fhd-smart_1_1767963246.png?v=1767963247,,Tarvo
TRV-ABBA03C7,Bicicleta Milano Torino Aro 26 18V Rojo,Precio con delivery incluido (zona de cobertura y recargo a coordinar). Entrega rápida en Paraguay. Compra gestionada por Tarvo — pedinos por WhatsApp.,in stock,new,1030000 PYG,https://wa.me/595992805800?text=Hola%21%20Quiero%20pedir%3A%20Bicicleta%20Milano%20Torino%20Aro%2026%2018V%20Rojo%20%28Gs%201.030.000%29,https://miltonroa.github.io/mundo-ofertas/catalog/img/tupi-35377.jpg,,Tarvo
TRV-787B00DF,Acondicionador de Aire Goodweather GOODWEATH 24000 BTU F/C ECO GW-24FO,Precio con delivery incluido (zona de cobertura y recargo a coordinar). Entrega rápida en Paraguay. Compra gestionada por Tarvo — pedinos por WhatsApp.,in stock,new,6650000 PYG,https://wa.me/595992805800?text=Hola%21%20Quiero%20pedir%3A%20Acondicionador%20de%20Aire%20Goodweather%20GOODW%20%28Gs%206.650.000%29,https://www.gonzalezgimenez.com.py/storage/sku/goodweather-acondicionadores-de-aire-acondicionador-de-aire-goodweather-goodweath-24000fc-eco-gw-24fo-split-1-1-1726232234.jpg?v=1726232234,https://www.gonzalezgimenez.com.py/storage/sku/goodweather-acondicionadores-de-aire-acondicionador-de-aire-goodweather-goodweath-24000fc-eco-gw-24fo-split-2-1-1726232234.jpg,Tarvo
TRV-514880FD,Bicicleta Milano Bambino Aro 16 Verde,Precio con delivery incluido (zona de cobertura y recargo a coordinar). Entrega rápida en Paraguay. Compra gestionada por Tarvo — pedinos por WhatsApp.,in stock,new,630000 PYG,https://wa.me/595992805800?text=Hola%21%20Quiero%20pedir%3A%20Bicicleta%20Milano%20Bambino%20Aro%2016%20Verde%20%28Gs%20630.000%29,https://miltonroa.github.io/mundo-ofertas/catalog/img/tupi-35338.jpg,,Tarvo
TRV-8FB884F6,Bicicleta Milano Bambino Aro 16 Verde,Precio con delivery incluido (zona de cobertura y recargo a coordinar). Entrega rápida en Paraguay. Compra gestionada por Tarvo — pedinos por WhatsApp.,in stock,new,665000 PYG,https://wa.me/595992805800?text=Hola%21%20Quiero%20pedir%3A%20Bicicleta%20Milano%20Bambino%20Aro%2016%20Verde%20%28Gs%20665.000%29,https://www.gonzalezgimenez.com.py/storage/sku/milano-bicicletas-para-ninos-bicicleta-milano-bambino-aro-16-verde-1-1-1745507447.jpeg?v=1745507447,,Tarvo
TRV-D9DCA9E8,Bicicleta Milano Torino Aro 26 18V Azul,Precio con delivery incluido (zona de cobertura y recargo a coordinar). Entrega rápida en Paraguay. Compra gestionada por Tarvo — pedinos por WhatsApp.,in stock,new,1030000 PYG,https://wa.me/595992805800?text=Hola%21%20Quiero%20pedir%3A%20Bicicleta%20Milano%20Torino%20Aro%2026%2018V%20Azul%20%28Gs%201.030.000%29,https://miltonroa.github.io/mundo-ofertas/catalog/img/tupi-35136.jpg,,Tarvo
TRV-931D5114,Bicicleta Milano Bambino Aro 16 Rojo,Precio con delivery incluido (zona de cobertura y recargo a coordinar). Entrega rápida en Paraguay. Compra gestionada por Tarvo — pedinos por WhatsApp.,in stock,new,665000 PYG,https://wa.me/595992805800?text=Hola%21%20Quiero%20pedir%3A%20Bicicleta%20Milano%20Bambino%20Aro%2016%20Rojo%20%28Gs%20665.000%29,https://www.gonzalezgimenez.com.py/storage/sku/milano_bicicletas-para-ninos_bicicleta-milano-bambino-aro-16-rojo_1_1786559006.png?v=1786559007,,Tarvo
TRV-3F82F7DC,Bicicleta Milano Action Aro 24 21V Rojo,Precio con delivery incluido (zona de cobertura y recargo a coordinar). Entrega rápida en Paraguay. Compra gestionada por Tarvo — pedinos por WhatsApp.,in stock,new,905000 PYG,https://wa.me/595992805800?text=Hola%21%20Quiero%20pedir%3A%20Bicicleta%20Milano%20Action%20Aro%2024%2021V%20Rojo%20%28Gs%20905.000%29,https://miltonroa.github.io/mundo-ofertas/catalog/img/tupi-34739.jpg,,Tarvo
TRV-021D8DEC,Bicicleta Milano Bambino Aro 16 Azul,Precio con delivery incluido (zona de cobertura y recargo a coordinar). Entrega rápida en Paraguay. Compra gestionada por Tarvo — pedinos por WhatsApp.,in stock,new,665000 PYG,https://wa.me/595992805800?text=Hola%21%20Quiero%20pedir%3A%20Bicicleta%20Milano%20Bambino%20Aro%2016%20Azul%20%28Gs%20665.000%29,https://www.gonzalezgimenez.com.py/storage/sku/milano-bicicletas-para-ninos-bicicleta-milano-bambino-aro-16-azul-1-1-1748452356.jpeg?v=1748452356,,Tarvo
TRV-659D1281,Bicicleta Milano Torino Aro 24 18V Azul,Precio con delivery incluido (zona de cobertura y recargo a coordinar). Entrega rápida en Paraguay. Compra gestionada por Tarvo — pedinos por WhatsApp.,in stock,new,935000 PYG,https://wa.me/595992805800?text=Hola%21%20Quiero%20pedir%3A%20Bicicleta%20Milano%20Torino%20Aro%2024%2018V%20Azul%20%28Gs%20935.000%29,https://miltonroa.github.io/mundo-ofertas/catalog/img/tupi-34737.jpg,,Tarvo
TRV-BAB459E0,Sommier Paraná Convencional B+C+Cab. 1.40x1.90 Negro,Precio con delivery incluido (zona de cobertura y recargo a coordinar). Entrega rápida en Paraguay. Compra gestionada por Tarvo — pedinos por WhatsApp.,in stock,new,1770000 PYG,https://wa.me/595992805800?text=Hola%21%20Quiero%20pedir%3A%20Sommier%20Paran%C3%A1%20Convencional%20B%2BC%2BCab.%201.4%20%28Gs%201.770.000%29,https://www.gonzalezgimenez.com.py/storage/sku/parana_sommiers_sommier-parana-convencional-bccab-140x190-negro_1_1783102798.png?v=1783102798,,Tarvo
TRV-DF5BEB53,Sierra Circular Makita 185Mm 1800W 5007N 220V,Precio con delivery incluido (zona de cobertura y recargo a coordinar). Entrega rápida en Paraguay. Compra gestionada por Tarvo — pedinos por WhatsApp.,in stock,new,1175000 PYG,https://wa.me/595992805800?text=Hola%21%20Quiero%20pedir%3A%20Sierra%20Circular%20Makita%20185Mm%201800W%205007N%20%28Gs%201.175.000%29,https://miltonroa.github.io/mundo-ofertas/catalog/img/tupi-28870.jpg,,Tarvo
TRV-7DFEE3FD,"Bicicleta Caloi Custom Aro 26""",Precio con delivery incluido (zona de cobertura y recargo a coordinar). Entrega rápida en Paraguay. Compra gestionada por Tarvo — pedinos por WhatsApp.,in stock,new,2685000 PYG,https://wa.me/595992805800?text=Hola%21%20Quiero%20pedir%3A%20Bicicleta%20Caloi%20Custom%20Aro%2026%22%20%28Gs%202.685.000%29,https://www.gonzalezgimenez.com.py/storage/sku/caloi-nuevo-bicicleta-caloi-custom-aro-26-1-1-1730303270.png?v=1730303270,,Tarvo
TRV-07810AF3,Bicicleta Milano Campione Aro 20 Rojo,Precio con delivery incluido (zona de cobertura y recargo a coordinar). Entrega rápida en Paraguay. Compra gestionada por Tarvo — pedinos por WhatsApp.,in stock,new,650000 PYG,https://wa.me/595992805800?text=Hola%21%20Quiero%20pedir%3A%20Bicicleta%20Milano%20Campione%20Aro%2020%20Rojo%20%28Gs%20650.000%29,https://miltonroa.github.io/mundo-ofertas/catalog/img/tupi-34734.jpg,,Tarvo
TRV-8A47B306,"Bicicleta Caloi Nitro 20"" Rojo",Precio con delivery incluido (zona de cobertura y recargo a coordinar). Entrega rápida en Paraguay. Compra gestionada por Tarvo — pedinos por WhatsApp.,in stock,new,1100000 PYG,https://wa.me/595992805800?text=Hola%21%20Quiero%20pedir%3A%20Bicicleta%20Caloi%20Nitro%2020%22%20Rojo%20%28Gs%201.100.000%29,https://www.gonzalezgimenez.com.py/storage/sku/caloi_bicicletas-para-ninos_bicicleta-caloi-nitro-20-rojo_1_1766840420.webp?v=1766840421,,Tarvo
TRV-E06F0EE6,Bicicleta Milano Fiorenza Aro 20 Lila,Precio con delivery incluido (zona de cobertura y recargo a coordinar). Entrega rápida en Paraguay. Compra gestionada por Tarvo — pedinos por WhatsApp.,in stock,new,650000 PYG,https://wa.me/595992805800?text=Hola%21%20Quiero%20pedir%3A%20Bicicleta%20Milano%20Fiorenza%20Aro%2020%20Lila%20%28Gs%20650.000%29,https://miltonroa.github.io/mundo-ofertas/catalog/img/tupi-34733.jpg,,Tarvo
TRV-62DCE5F6,Bici Moto Caloi Aro 12 Azul,Precio con delivery incluido (zona de cobertura y recargo a coordinar). Entrega rápida en Paraguay. Compra gestionada por Tarvo — pedinos por WhatsApp.,in stock,new,935000 PYG,https://wa.me/595992805800?text=Hola%21%20Quiero%20pedir%3A%20Bici%20Moto%20Caloi%20Aro%2012%20Azul%20%28Gs%20935.000%29,https://www.gonzalezgimenez.com.py/storage/sku/caloi-bicicletas-bici-moto-caloi-aro-12-azul-1-1-1678980020.png?v=1678980020,"https://www.gonzalezgimenez.com.py/storage/sku/caloi-bicicletas-bici-moto-caloi-aro-12-azul-2-1-1722371897.jpg,https://www.gonzalezgimenez.com.py/storage/sku/caloi-bicicletas-bici-moto-caloi-aro-12-azul-3-1-1722371897.jpg",Tarvo
TRV-F3DE9303,Bicicleta Milano Action Aro 20 6V Rojo,Precio con delivery incluido (zona de cobertura y recargo a coordinar). Entrega rápida en Paraguay. Compra gestionada por Tarvo — pedinos por WhatsApp.,in stock,new,870000 PYG,https://wa.me/595992805800?text=Hola%21%20Quiero%20pedir%3A%20Bicicleta%20Milano%20Action%20Aro%2020%206V%20Rojo%20%28Gs%20870.000%29,https://miltonroa.github.io/mundo-ofertas/catalog/img/tupi-34729.jpg,,Tarvo
TRV-0D324C76,Acondicionador de Aire Tokyo Xperience 12000 BTU F/C Eco MI23-12CHR1 P,Precio con delivery incluido (zona de cobertura y recargo a coordinar). Entrega rápida en Paraguay. Compra gestionada por Tarvo — pedinos por WhatsApp.,in stock,new,2830000 PYG,https://wa.me/595992805800?text=Hola%21%20Quiero%20pedir%3A%20Acondicionador%20de%20Aire%20Tokyo%20Xperience%201%20%28Gs%202.830.000%29,https://www.gonzalezgimenez.com.py/storage/sku/tokyo-acondicionadores-de-aire-acondicionador-de-aire-tokyo-xperience-12000-fc-eco-mi23-12chr1-pared-1-1-1712781469.png?v=1712781469,,Tarvo
TRV-90E9E3BC,Hidrolavadora K2 Dakar Karcher Pe* 1.994 050,Precio con delivery incluido (zona de cobertura y recargo a coordinar). Entrega rápida en Paraguay. Compra gestionada por Tarvo — pedinos por WhatsApp.,in stock,new,1330000 PYG,https://wa.me/595992805800?text=Hola%21%20Quiero%20pedir%3A%20Hidrolavadora%20K2%20Dakar%20Karcher%20Pe%2A%201.994%20%28Gs%201.330.000%29,https://miltonroa.github.io/mundo-ofertas/catalog/img/tupi-93567.jpg,,Tarvo
TRV-C37A4374,Bicicleta Milano Action Aro 24 Fucsia,Precio con delivery incluido (zona de cobertura y recargo a coordinar). Entrega rápida en Paraguay. Compra gestionada por Tarvo — pedinos por WhatsApp.,in stock,new,980000 PYG,https://wa.me/595992805800?text=Hola%21%20Quiero%20pedir%3A%20Bicicleta%20Milano%20Action%20Aro%2024%20Fucsia%20%28Gs%20980.000%29,https://www.gonzalezgimenez.com.py/storage/sku/milano_bicicletas-para-adultos_bicicleta-milano-action-aro-24-fucsia_1_1786564041.png?v=1786564043,,Tarvo
TRV-FEBAFD56,Jarra Electrica Styleline Bosch 1.5L Twk8611P,Precio con delivery incluido (zona de cobertura y recargo a coordinar). Entrega rápida en Paraguay. Compra gestionada por Tarvo — pedinos por WhatsApp.,in stock,new,1105000 PYG,https://wa.me/595992805800?text=Hola%21%20Quiero%20pedir%3A%20Jarra%20Electrica%20Styleline%20Bosch%201.5L%20Twk%20%28Gs%201.105.000%29,https://miltonroa.github.io/mundo-ofertas/catalog/img/tupi-68361.jpg,,Tarvo
TRV-00DBE203,Acondicionador de Aire Tokyo  Xperience 18000 BTU F/C ECO MI23-18CHR1,Precio con delivery incluido (zona de cobertura y recargo a coordinar). Entrega rápida en Paraguay. Compra gestionada por Tarvo — pedinos por WhatsApp.,in stock,new,4700000 PYG,https://wa.me/595992805800?text=Hola%21%20Quiero%20pedir%3A%20Acondicionador%20de%20Aire%20Tokyo%20%20Xperience%20%28Gs%204.700.000%29,https://www.gonzalezgimenez.com.py/storage/sku/tokyo-acondicionadores-de-aire-acondicionador-de-aire-tokyo-xperience-18000-fc-eco-mi23-18chr1-fc-c-control-1-1-1712840071.png?v=1712840071,,Tarvo
TRV-215F44CD,Consola Nintendo Switch Oled 64Gb Azul Rojo 70347,Precio con delivery incluido (zona de cobertura y recargo a coordinar). Entrega rápida en Paraguay. Compra gestionada por Tarvo — pedinos por WhatsApp.,in stock,new,3335000 PYG,https://wa.me/595992805800?text=Hola%21%20Quiero%20pedir%3A%20Consola%20Nintendo%20Switch%20Oled%2064Gb%20Azul%20R%20%28Gs%203.335.000%29,https://miltonroa.github.io/mundo-ofertas/catalog/img/tupi-233200.jpg,,Tarvo
TRV-C968B0C1,Aire Acondicionado Tokyo Xperience 24000 BTU F/C,Precio con delivery incluido (zona de cobertura y recargo a coordinar). Entrega rápida en Paraguay. Compra gestionada por Tarvo — pedinos por WhatsApp.,in stock,new,6260000 PYG,https://wa.me/595992805800?text=Hola%21%20Quiero%20pedir%3A%20Aire%20Acondicionado%20Tokyo%20Xperience%2024000%20%28Gs%206.260.000%29,https://www.gonzalezgimenez.com.py/storage/sku/tokyo-acondicionadores-de-aire-aire-acondicionado-tokyo-xperience-24000-btu-fc-1-1-1730210079.png?v=1730210079,https://www.gonzalezgimenez.com.py/storage/sku/tokyo-acondicionadores-de-aire-aire-acondicionado-tokyo-xperience-24000-btu-fc-2-1-1730210079.png,Tarvo
TRV-1AFF3DD5,Bicicleta Milano Fiorenza Aro 20 Fucsia,Precio con delivery incluido (zona de cobertura y recargo a coordinar). Entrega rápida en Paraguay. Compra gestionada por Tarvo — pedinos por WhatsApp.,in stock,new,650000 PYG,https://wa.me/595992805800?text=Hola%21%20Quiero%20pedir%3A%20Bicicleta%20Milano%20Fiorenza%20Aro%2020%20Fucsia%20%28Gs%20650.000%29,https://miltonroa.github.io/mundo-ofertas/catalog/img/tupi-34732.jpg,,Tarvo
TRV-E1273F1E,Bicicleta Milano Bambino Aro 16 Azul,Precio con delivery incluido (zona de cobertura y recargo a coordinar). Entrega rápida en Paraguay. Compra gestionada por Tarvo — pedinos por WhatsApp.,in stock,new,685000 PYG,https://wa.me/595992805800?text=Hola%21%20Quiero%20pedir%3A%20Bicicleta%20Milano%20Bambino%20Aro%2016%20Azul%20%28Gs%20685.000%29,https://www.gonzalezgimenez.com.py/storage/sku/milano_bicicletas-para-ninos_bicicleta-milano-bambino-aro-16-azul_1_1786559228.png?v=1786559230,,Tarvo
TRV-DA4B4FF6,Horno Empotrable Jam 65L Bo 65Ng,Precio con delivery incluido (zona de cobertura y recargo a coordinar). Entrega rápida en Paraguay. Compra gestionada por Tarvo — pedinos por WhatsApp.,in stock,new,2445000 PYG,https://wa.me/595992805800?text=Hola%21%20Quiero%20pedir%3A%20Horno%20Empotrable%20Jam%2065L%20Bo%2065Ng%20%28Gs%202.445.000%29,https://miltonroa.github.io/mundo-ofertas/catalog/img/tupi-67798.jpg,,Tarvo
TRV-3E2C3F49,Bicicleta Caloi New Rider Aro 24 Rojo,Precio con delivery incluido (zona de cobertura y recargo a coordinar). Entrega rápida en Paraguay. Compra gestionada por Tarvo — pedinos por WhatsApp.,in stock,new,1330000 PYG,https://wa.me/595992805800?text=Hola%21%20Quiero%20pedir%3A%20Bicicleta%20Caloi%20New%20Rider%20Aro%2024%20Rojo%20%28Gs%201.330.000%29,https://www.gonzalezgimenez.com.py/storage/sku/caloi-bicicletas-bicicleta-caloi-new-rider-aro-24-rojo-1-1-1628692611.jpg?v=1628692611,,Tarvo
TRV-4F8A5621,Emulsionador De Leche Ariete Color Verde Agua Ref: 929 691,Precio con delivery incluido (zona de cobertura y recargo a coordinar). Entrega rápida en Paraguay. Compra gestionada por Tarvo — pedinos por WhatsApp.,in stock,new,640000 PYG,https://wa.me/595992805800?text=Hola%21%20Quiero%20pedir%3A%20Emulsionador%20De%20Leche%20Ariete%20Color%20Verde%20%28Gs%20640.000%29,https://miltonroa.github.io/mundo-ofertas/catalog/img/tupi-66204.jpg,,Tarvo
TRV-E8953C59,Bicicleta Milano Torino Aro 24 Negro,Precio con delivery incluido (zona de cobertura y recargo a coordinar). Entrega rápida en Paraguay. Compra gestionada por Tarvo — pedinos por WhatsApp.,in stock,new,1005000 PYG,https://wa.me/595992805800?text=Hola%21%20Quiero%20pedir%3A%20Bicicleta%20Milano%20Torino%20Aro%2024%20Negro%20%28Gs%201.005.000%29,https://www.gonzalezgimenez.com.py/storage/sku/milano_bicicletas_bicicleta-milano-torino-aro-24-18v-negro_1_1766589642.webp?v=1766589643,,Tarvo
TRV-19A872A3,Campana Bosch De Pared Dwb96Bc50 90Cms2 Inox,Precio con delivery incluido (zona de cobertura y recargo a coordinar). Entrega rápida en Paraguay. Compra gestionada por Tarvo — pedinos por WhatsApp.,in stock,new,3525000 PYG,https://wa.me/595992805800?text=Hola%21%20Quiero%20pedir%3A%20Campana%20Bosch%20De%20Pared%20Dwb96Bc50%2090Cms2%20%28Gs%203.525.000%29,https://miltonroa.github.io/mundo-ofertas/catalog/img/tupi-55416.jpg,,Tarvo
TRV-810EB067,Bicicleta Milano Torino Aro 20 Azul,Precio con delivery incluido (zona de cobertura y recargo a coordinar). Entrega rápida en Paraguay. Compra gestionada por Tarvo — pedinos por WhatsApp.,in stock,new,940000 PYG,https://wa.me/595992805800?text=Hola%21%20Quiero%20pedir%3A%20Bicicleta%20Milano%20Torino%20Aro%2020%20Azul%20%28Gs%20940.000%29,https://www.gonzalezgimenez.com.py/storage/sku/milano-bicicletas-para-adultos-bicicleta-milano-torino-aro-20-azul-ccambio-1-1-1734636627.jpg?v=1734636627,,Tarvo
TRV-EC418862,Bicicleta Milano Fiorenza Aro 16 Lila,Precio con delivery incluido (zona de cobertura y recargo a coordinar). Entrega rápida en Paraguay. Compra gestionada por Tarvo — pedinos por WhatsApp.,in stock,new,620000 PYG,https://wa.me/595992805800?text=Hola%21%20Quiero%20pedir%3A%20Bicicleta%20Milano%20Fiorenza%20Aro%2016%20Lila%20%28Gs%20620.000%29,https://miltonroa.github.io/mundo-ofertas/catalog/img/tupi-5012.jpg,,Tarvo
TRV-46673B1E,Bicicleta Milano Fiorenza Aro 20 Lila,Precio con delivery incluido (zona de cobertura y recargo a coordinar). Entrega rápida en Paraguay. Compra gestionada por Tarvo — pedinos por WhatsApp.,in stock,new,690000 PYG,https://wa.me/595992805800?text=Hola%21%20Quiero%20pedir%3A%20Bicicleta%20Milano%20Fiorenza%20Aro%2020%20Lila%20%28Gs%20690.000%29,https://www.gonzalezgimenez.com.py/storage/sku/milano_bicicletas-para-ninos_bicicleta-milano-fiorenza-aro-20-lila_1_1786560426.png?v=1786560426,,Tarvo
TRV-712CCD7A,Bicicleta Milano Bambino Aro 16 Azul,Precio con delivery incluido (zona de cobertura y recargo a coordinar). Entrega rápida en Paraguay. Compra gestionada por Tarvo — pedinos por WhatsApp.,in stock,new,620000 PYG,https://wa.me/595992805800?text=Hola%21%20Quiero%20pedir%3A%20Bicicleta%20Milano%20Bambino%20Aro%2016%20Azul%20%28Gs%20620.000%29,https://miltonroa.github.io/mundo-ofertas/catalog/img/tupi-34728.jpg,,Tarvo
TRV-C2C3CD79,Acondicionador de Aire Altech 24000 BTU F/C ECO ALT24H410 Split,Precio con delivery incluido (zona de cobertura y recargo a coordinar). Entrega rápida en Paraguay. Compra gestionada por Tarvo — pedinos por WhatsApp.,in stock,new,5740000 PYG,https://wa.me/595992805800?text=Hola%21%20Quiero%20pedir%3A%20Acondicionador%20de%20Aire%20Altech%2024000%20BTU%20%28Gs%205.740.000%29,https://miltonroa.github.io/mundo-ofertas/catalog/img/gg-6356-v006195c0.jpg,,Tarvo
TRV-2AF10EC2,Bicicleta Milano Bambino Aro 16 Rojo,Precio con delivery incluido (zona de cobertura y recargo a coordinar). Entrega rápida en Paraguay. Compra gestionada por Tarvo — pedinos por WhatsApp.,in stock,new,620000 PYG,https://wa.me/595992805800?text=Hola%21%20Quiero%20pedir%3A%20Bicicleta%20Milano%20Bambino%20Aro%2016%20Rojo%20%28Gs%20620.000%29,https://miltonroa.github.io/mundo-ofertas/catalog/img/tupi-34727.jpg,,Tarvo
TRV-22ED392F,Bicicleta Milano Torino Aro 26 Rojo,Precio con delivery incluido (zona de cobertura y recargo a coordinar). Entrega rápida en Paraguay. Compra gestionada por Tarvo — pedinos por WhatsApp.,in stock,new,1105000 PYG,https://wa.me/595992805800?text=Hola%21%20Quiero%20pedir%3A%20Bicicleta%20Milano%20Torino%20Aro%2026%20Rojo%20%28Gs%201.105.000%29,https://www.gonzalezgimenez.com.py/storage/sku/milano_bicicletas-para-adultos_bicicleta-milano-torino-aro-26-18-velocidades-rojo_1_1766590283.webp?v=1766590284,,Tarvo
TRV-EB952F08,Bicicleta Milano Fiorenza Aro 16 Rosado,Precio con delivery incluido (zona de cobertura y recargo a coordinar). Entrega rápida en Paraguay. Compra gestionada por Tarvo — pedinos por WhatsApp.,in stock,new,620000 PYG,https://wa.me/595992805800?text=Hola%21%20Quiero%20pedir%3A%20Bicicleta%20Milano%20Fiorenza%20Aro%2016%20Rosado%20%28Gs%20620.000%29,https://miltonroa.github.io/mundo-ofertas/catalog/img/tupi-34726.jpg,,Tarvo
TRV-540F2E7A,Bicicleta Milano Fiorenza Aro 16 Fucsia,Precio con delivery incluido (zona de cobertura y recargo a coordinar). Entrega rápida en Paraguay. Compra gestionada por Tarvo — pedinos por WhatsApp.,in stock,new,665000 PYG,https://wa.me/595992805800?text=Hola%21%20Quiero%20pedir%3A%20Bicicleta%20Milano%20Fiorenza%20Aro%2016%20Fucsia%20%28Gs%20665.000%29,https://www.gonzalezgimenez.com.py/storage/sku/milano_bicicletas-para-ninos_bicicleta-milano-fiorenza-aro-16-fucsia_1_1786559639.png?v=1786559641,,Tarvo
TRV-4E213DB3,Secador Y Modelador De Pelo Dyson Hs09 Airwrap Ceramic Pink 1700W 220V,Precio con delivery incluido (zona de cobertura y recargo a coordinar). Entrega rápida en Paraguay. Compra gestionada por Tarvo — pedinos por WhatsApp.,in stock,new,7585000 PYG,https://wa.me/595992805800?text=Hola%21%20Quiero%20pedir%3A%20Secador%20Y%20Modelador%20De%20Pelo%20Dyson%20Hs09%20A%20%28Gs%207.585.000%29,https://miltonroa.github.io/mundo-ofertas/catalog/img/tupi-197628.jpg,,Tarvo
TRV-A1325A94,Bicicleta Milano Fiorenza Aro 12 Fucsia,Precio con delivery incluido (zona de cobertura y recargo a coordinar). Entrega rápida en Paraguay. Compra gestionada por Tarvo — pedinos por WhatsApp.,in stock,new,450000 PYG,https://wa.me/595992805800?text=Hola%21%20Quiero%20pedir%3A%20Bicicleta%20Milano%20Fiorenza%20Aro%2012%20Fucsia%20%28Gs%20450.000%29,https://www.gonzalezgimenez.com.py/storage/sku/milano_bicicletas-para-ninos_bicicleta-milano-fiorenza-aro-12-fucsia_1_1786558651.png?v=1786558651,,Tarvo
TRV-5AF9E526,Secador Dyson Hs08 Airwrap Kanza Pink 1300W 220V 50 60Hz 4438 4377 113,Precio con delivery incluido (zona de cobertura y recargo a coordinar). Entrega rápida en Paraguay. Compra gestionada por Tarvo — pedinos por WhatsApp.,in stock,new,6690000 PYG,https://wa.me/595992805800?text=Hola%21%20Quiero%20pedir%3A%20Secador%20Dyson%20Hs08%20Airwrap%20Kanza%20Pink%2013%20%28Gs%206.690.000%29,https://miltonroa.github.io/mundo-ofertas/catalog/img/tupi-149696.jpg,,Tarvo
TRV-1E0AB105,Bicicleta Milano Campione Aro 20 Rojo,Precio con delivery incluido (zona de cobertura y recargo a coordinar). Entrega rápida en Paraguay. Compra gestionada por Tarvo — pedinos por WhatsApp.,in stock,new,690000 PYG,https://wa.me/595992805800?text=Hola%21%20Quiero%20pedir%3A%20Bicicleta%20Milano%20Campione%20Aro%2020%20Rojo%20%28Gs%20690.000%29,https://www.gonzalezgimenez.com.py/storage/sku/milano_bicicletas-para-ninos_bicicleta-milano-campione-aro-20-rojo_1_1786559929.png?v=1786559930,,Tarvo
TRV-836249AA,Bicicleta Milano Fiorenza Aro 16 Fucsia,Precio con delivery incluido (zona de cobertura y recargo a coordinar). Entrega rápida en Paraguay. Compra gestionada por Tarvo — pedinos por WhatsApp.,in stock,new,630000 PYG,https://wa.me/595992805800?text=Hola%21%20Quiero%20pedir%3A%20Bicicleta%20Milano%20Fiorenza%20Aro%2016%20Fucsia%20%28Gs%20630.000%29,https://miltonroa.github.io/mundo-ofertas/catalog/img/tupi-34725.jpg,,Tarvo
TRV-5A931849,"Bicicleta Caloi Sofi 12"" Fucsia",Precio con delivery incluido (zona de cobertura y recargo a coordinar). Entrega rápida en Paraguay. Compra gestionada por Tarvo — pedinos por WhatsApp.,in stock,new,720000 PYG,https://wa.me/595992805800?text=Hola%21%20Quiero%20pedir%3A%20Bicicleta%20Caloi%20Sofi%2012%22%20Fucsia%20%28Gs%20720.000%29,https://www.gonzalezgimenez.com.py/storage/sku/caloi-bicicletas-para-ninos-bicicleta-caloi-sofi-12-fucsia-1-1-1726492174.jpg?v=1726492174,,Tarvo
TRV-D24AA6AC,Omie OmieBox - Lonchera Bento aislada a prueba de fugas con tarro de c,"Importado de USA. Precio final en guaraníes, todo incluido. Te lo traemos del exterior: llega en 2 a 3 semanas. Compra gestionada por Tarvo — pedinos por WhatsApp.",in stock,new,570000 PYG,https://wa.me/595992805800?text=Hola%21%20Quiero%20pedir%3A%20Omie%20OmieBox%20-%20Lonchera%20Bento%20aislada%20a%20%28Gs%20570.000%29,https://images-na.ssl-images-amazon.com/images/I/71o6jvN+kSL._AC_SL1000_.jpg,,Tarvo
TRV-56873F8F,Bicicleta Milano Fiorenza Aro 12 Lila,Precio con delivery incluido (zona de cobertura y recargo a coordinar). Entrega rápida en Paraguay. Compra gestionada por Tarvo — pedinos por WhatsApp.,in stock,new,480000 PYG,https://wa.me/595992805800?text=Hola%21%20Quiero%20pedir%3A%20Bicicleta%20Milano%20Fiorenza%20Aro%2012%20Lila%20%28Gs%20480.000%29,https://miltonroa.github.io/mundo-ofertas/catalog/img/tupi-34715.jpg,,Tarvo
TRV-6EBF380D,Celular Samsung Galaxy A37 5G 256GB/8GB Dual SIM Awesome Charcoal,Precio con delivery incluido (zona de cobertura y recargo a coordinar). Entrega rápida en Paraguay. Compra gestionada por Tarvo — pedinos por WhatsApp.,in stock,new,3880000 PYG,https://wa.me/595992805800?text=Hola%21%20Quiero%20pedir%3A%20Celular%20Samsung%20Galaxy%20A37%205G%20256GB/8GB%20%28Gs%203.880.000%29,https://www.gonzalezgimenez.com.py/storage/sku/samsung_smartphones_celular-samsung-galaxy-a37-5g-256gb8gb-dual-sim-awesome-charcoal_1_1781806606.png?v=1781806607,,Tarvo
TRV-D091794A,Casio G-Shock GA100-1A1 | Reloj analógico-digital resistente para homb,"Importado de USA. Precio final en guaraníes, todo incluido. Te lo traemos del exterior: llega en 2 a 3 semanas. Compra gestionada por Tarvo — pedinos por WhatsApp.",in stock,new,790000 PYG,https://wa.me/595992805800?text=Hola%21%20Quiero%20pedir%3A%20Casio%20G-Shock%20GA100-1A1%20%7C%20Reloj%20anal%C3%B3gic%20%28Gs%20790.000%29,https://m.media-amazon.com/images/I/51dyEL-CrYL._AC_SL1000_.jpg,,Tarvo
TRV-CF9703A8,Bicicleta Milano Action Aro 24 21V Azul,Precio con delivery incluido (zona de cobertura y recargo a coordinar). Entrega rápida en Paraguay. Compra gestionada por Tarvo — pedinos por WhatsApp.,in stock,new,905000 PYG,https://wa.me/595992805800?text=Hola%21%20Quiero%20pedir%3A%20Bicicleta%20Milano%20Action%20Aro%2024%2021V%20Azul%20%28Gs%20905.000%29,https://miltonroa.github.io/mundo-ofertas/catalog/img/tupi-2859.jpg,,Tarvo
TRV-81E13C9A,Bicicleta Caloi X-Cross 20 Rojo,Precio con delivery incluido (zona de cobertura y recargo a coordinar). Entrega rápida en Paraguay. Compra gestionada por Tarvo — pedinos por WhatsApp.,in stock,new,980000 PYG,https://wa.me/595992805800?text=Hola%21%20Quiero%20pedir%3A%20Bicicleta%20Caloi%20X-Cross%2020%20Rojo%20%28Gs%20980.000%29,https://www.gonzalezgimenez.com.py/storage/sku/caloi-bicicletas-para-ninos-bicicleta-caloi-x-cross-20-rojo-1-1-1754925590.jpg?v=1754925590,,Tarvo
TRV-3B708204,Casio Heavy Duty Design Watch,"Importado de USA. Precio final en guaraníes, todo incluido. Te lo traemos del exterior: llega en 2 a 3 semanas. Compra gestionada por Tarvo — pedinos por WhatsApp.",in stock,new,495000 PYG,https://wa.me/595992805800?text=Hola%21%20Quiero%20pedir%3A%20Casio%20Heavy%20Duty%20Design%20Watch%20%28Gs%20495.000%29,https://m.media-amazon.com/images/I/61ui+Cu-X2L._AC_SL1000_.jpg,,Tarvo
TRV-AA66ACBC,Bicicleta Milano Action Lady Aro 24 18V Fucsia,Precio con delivery incluido (zona de cobertura y recargo a coordinar). Entrega rápida en Paraguay. Compra gestionada por Tarvo — pedinos por WhatsApp.,in stock,new,905000 PYG,https://wa.me/595992805800?text=Hola%21%20Quiero%20pedir%3A%20Bicicleta%20Milano%20Action%20Lady%20Aro%2024%2018V%20%28Gs%20905.000%29,https://miltonroa.github.io/mundo-ofertas/catalog/img/tupi-5623.jpg,,Tarvo
TRV-41DF4251,Tostadora Altech MT-RW2L20W,Precio con delivery incluido (zona de cobertura y recargo a coordinar). Entrega rápida en Paraguay. Compra gestionada por Tarvo — pedinos por WhatsApp.,in stock,new,235000 PYG,https://wa.me/595992805800?text=Hola%21%20Quiero%20pedir%3A%20Tostadora%20Altech%20MT-RW2L20W%20%28Gs%20235.000%29,https://www.gonzalezgimenez.com.py/storage/sku/altech-cocina-tostadora-altech-mt-rw2l20w-1-1-1724696164.jpg?v=1724696164,https://www.gonzalezgimenez.com.py/storage/sku/altech-cocina-tostadora-altech-mt-rw2l20w-2-1-1724696164.jpg,Tarvo
TRV-F153282C,Casio G-Shock MTGM900DA-8CR Reloj deportivo de acero inoxidable solar,"Importado de USA. Precio final en guaraníes, todo incluido. Te lo traemos del exterior: llega en 2 a 3 semanas. Compra gestionada por Tarvo — pedinos por WhatsApp.",in stock,new,1020000 PYG,https://wa.me/595992805800?text=Hola%21%20Quiero%20pedir%3A%20Casio%20G-Shock%20MTGM900DA-8CR%20Reloj%20deport%20%28Gs%201.020.000%29,https://m.media-amazon.com/images/I/71-rTgTiXiL._AC_SL1000_.jpg,,Tarvo
TRV-EDE1B3A6,Cinta P Caminar Athletic 3290T Atcc3290T 130Kg 18Km H,Precio con delivery incluido (zona de cobertura y recargo a coordinar). Entrega rápida en Paraguay. Compra gestionada por Tarvo — pedinos por WhatsApp.,in stock,new,7785000 PYG,https://wa.me/595992805800?text=Hola%21%20Quiero%20pedir%3A%20Cinta%20P%20Caminar%20Athletic%203290T%20Atcc3290T%20%28Gs%207.785.000%29,https://miltonroa.github.io/mundo-ofertas/catalog/img/tupi-55635.jpg,,Tarvo
TRV-02BB8513,Mixer Altech SM0794CEE-MP01S,Precio con delivery incluido (zona de cobertura y recargo a coordinar). Entrega rápida en Paraguay. Compra gestionada por Tarvo — pedinos por WhatsApp.,in stock,new,520000 PYG,https://wa.me/595992805800?text=Hola%21%20Quiero%20pedir%3A%20Mixer%20Altech%20SM0794CEE-MP01S%20%28Gs%20520.000%29,https://www.gonzalezgimenez.com.py/storage/sku/altech-cocina-mixer-altech-sm0794cee-mp01s-1-1-1724696518.jpg?v=1724696518,,Tarvo
TRV-30E0D51C,"Casio - Reloj deportivo, Classic, negro mate/negro","Importado de USA. Precio final en guaraníes, todo incluido. Te lo traemos del exterior: llega en 2 a 3 semanas. Compra gestionada por Tarvo — pedinos por WhatsApp.",in stock,new,560000 PYG,https://wa.me/595992805800?text=Hola%21%20Quiero%20pedir%3A%20Casio%20-%20Reloj%20deportivo%2C%20Classic%2C%20negro%20%28Gs%20560.000%29,https://m.media-amazon.com/images/I/61qw2DJi6JL._AC_SL1000_.jpg,,Tarvo
TRV-6D602F64,Ventilador De Piso Jam Tfs 1502 20´´ Aspas De Metal,Precio con delivery incluido (zona de cobertura y recargo a coordinar). Entrega rápida en Paraguay. Compra gestionada por Tarvo — pedinos por WhatsApp.,in stock,new,500000 PYG,https://wa.me/595992805800?text=Hola%21%20Quiero%20pedir%3A%20Ventilador%20De%20Piso%20Jam%20Tfs%201502%2020%C2%B4%C2%B4%20Asp%20%28Gs%20500.000%29,https://miltonroa.github.io/mundo-ofertas/catalog/img/tupi-130628.jpg,,Tarvo
TRV-CECF130E,Licuadora Altech Bl2518cee-MP01s 1.5lts 400w,Precio con delivery incluido (zona de cobertura y recargo a coordinar). Entrega rápida en Paraguay. Compra gestionada por Tarvo — pedinos por WhatsApp.,in stock,new,255000 PYG,https://wa.me/595992805800?text=Hola%21%20Quiero%20pedir%3A%20Licuadora%20Altech%20Bl2518cee-MP01s%201.5lts%20%28Gs%20255.000%29,https://miltonroa.github.io/mundo-ofertas/catalog/img/gg-7379-vf3ce1e37.jpg,,Tarvo
TRV-5CFFA354,"Cámara de acción i3 4K pulgar, tamaño pequeño, montaje en cualquier lu","Importado de USA. Precio final en guaraníes, todo incluido. Te lo traemos del exterior: llega en 2 a 3 semanas. Compra gestionada por Tarvo — pedinos por WhatsApp.",in stock,new,655000 PYG,https://wa.me/595992805800?text=Hola%21%20Quiero%20pedir%3A%20C%C3%A1mara%20de%20acci%C3%B3n%20i3%204K%20pulgar%2C%20tama%C3%B1o%20pe%20%28Gs%20655.000%29,https://m.media-amazon.com/images/I/61yZsXqWoLL._AC_SL1000_.jpg,,Tarvo
TRV-1F7A68A8,Campana Bosch De Pared Dwb66Bc50 60Cm S2,Precio con delivery incluido (zona de cobertura y recargo a coordinar). Entrega rápida en Paraguay. Compra gestionada por Tarvo — pedinos por WhatsApp.,in stock,new,3425000 PYG,https://wa.me/595992805800?text=Hola%21%20Quiero%20pedir%3A%20Campana%20Bosch%20De%20Pared%20Dwb66Bc50%2060Cm%20S2%20%28Gs%203.425.000%29,https://miltonroa.github.io/mundo-ofertas/catalog/img/tupi-55415.jpg,,Tarvo
TRV-F7861015,Extractor de Jugo Altech JE2802 400W,Precio con delivery incluido (zona de cobertura y recargo a coordinar). Entrega rápida en Paraguay. Compra gestionada por Tarvo — pedinos por WhatsApp.,in stock,new,470000 PYG,https://wa.me/595992805800?text=Hola%21%20Quiero%20pedir%3A%20Extractor%20de%20Jugo%20Altech%20JE2802%20400W%20%28Gs%20470.000%29,https://www.gonzalezgimenez.com.py/storage/sku/altech-cocina-extractor-de-jugo-altech-je2802-1-1-1724696756.jpg?v=1724696756,,Tarvo
TRV-8C42F85D,"Sony WH-1000XM5 - Auriculares inalámbricos con cancelación de ruido, d","Importado de USA. Precio final en guaraníes, todo incluido. Te lo traemos del exterior: llega en 2 a 3 semanas. Compra gestionada por Tarvo — pedinos por WhatsApp.",in stock,new,2020000 PYG,https://wa.me/595992805800?text=Hola%21%20Quiero%20pedir%3A%20Sony%20WH-1000XM5%20-%20Auriculares%20inal%C3%A1mbric%20%28Gs%202.020.000%29,https://m.media-amazon.com/images/I/511c23mDjoL._AC_SL1000_.jpg,,Tarvo
TRV-853AAF36,Estufa Ariete Vintage Azul 929 840,Precio con delivery incluido (zona de cobertura y recargo a coordinar). Entrega rápida en Paraguay. Compra gestionada por Tarvo — pedinos por WhatsApp.,in stock,new,640000 PYG,https://wa.me/595992805800?text=Hola%21%20Quiero%20pedir%3A%20Estufa%20Ariete%20Vintage%20Azul%20929%20840%20%28Gs%20640.000%29,https://miltonroa.github.io/mundo-ofertas/catalog/img/tupi-95652.jpg,,Tarvo
TRV-EFBE2BD0,"Cafetera Altech MA-D1501W 1,5 litros",Precio con delivery incluido (zona de cobertura y recargo a coordinar). Entrega rápida en Paraguay. Compra gestionada por Tarvo — pedinos por WhatsApp.,in stock,new,250000 PYG,https://wa.me/595992805800?text=Hola%21%20Quiero%20pedir%3A%20Cafetera%20Altech%20MA-D1501W%201%2C5%20litros%20%28Gs%20250.000%29,https://www.gonzalezgimenez.com.py/storage/sku/altech-cafeteras-cafetera-altech-ma-d1501w-1-1-1725021168.jpg?v=1725021168,,Tarvo
TRV-5E874421,Aurzen Roku TV D1R Proyector portátil inteligente para exteriores con,"Importado de USA. Precio final en guaraníes, todo incluido. Te lo traemos del exterior: llega en 2 a 3 semanas. Compra gestionada por Tarvo — pedinos por WhatsApp.",in stock,new,1800000 PYG,https://wa.me/595992805800?text=Hola%21%20Quiero%20pedir%3A%20Aurzen%20Roku%20TV%20D1R%20Proyector%20port%C3%A1til%20in%20%28Gs%201.800.000%29,https://m.media-amazon.com/images/I/71M3XVYabdL._AC_SL1000_.jpg,,Tarvo
TRV-22DC774C,Tostadora Ariete Blanco 929 761,Precio con delivery incluido (zona de cobertura y recargo a coordinar). Entrega rápida en Paraguay. Compra gestionada por Tarvo — pedinos por WhatsApp.,in stock,new,625000 PYG,https://wa.me/595992805800?text=Hola%21%20Quiero%20pedir%3A%20Tostadora%20Ariete%20Blanco%20929%20761%20%28Gs%20625.000%29,https://miltonroa.github.io/mundo-ofertas/catalog/img/tupi-70158.jpg,,Tarvo
TRV-8241EC8C,Acondicionador de Aire Altech 12000 BTU F/C ECO ALT12H410 Split,Precio con delivery incluido (zona de cobertura y recargo a coordinar). Entrega rápida en Paraguay. Compra gestionada por Tarvo — pedinos por WhatsApp.,in stock,new,2425000 PYG,https://wa.me/595992805800?text=Hola%21%20Quiero%20pedir%3A%20Acondicionador%20de%20Aire%20Altech%2012000%20BTU%20%28Gs%202.425.000%29,https://miltonroa.github.io/mundo-ofertas/catalog/img/gg-6354-v006195c0.jpg,,Tarvo
TRV-4128C3E1,"Cámara de acción i3 4K de tamaño pequeño, se monta en cualquier lugar,","Importado de USA. Precio final en guaraníes, todo incluido. Te lo traemos del exterior: llega en 2 a 3 semanas. Compra gestionada por Tarvo — pedinos por WhatsApp.",in stock,new,705000 PYG,https://wa.me/595992805800?text=Hola%21%20Quiero%20pedir%3A%20C%C3%A1mara%20de%20acci%C3%B3n%20i3%204K%20de%20tama%C3%B1o%20peque%C3%B1o%20%28Gs%20705.000%29,https://m.media-amazon.com/images/I/61yZsXqWoLL._AC_SL1000_.jpg,,Tarvo
TRV-5536437B,Ventilador Ufesa De Pie 18 Ottawa Sfm1850,Precio con delivery incluido (zona de cobertura y recargo a coordinar). Entrega rápida en Paraguay. Compra gestionada por Tarvo — pedinos por WhatsApp.,in stock,new,280000 PYG,https://wa.me/595992805800?text=Hola%21%20Quiero%20pedir%3A%20Ventilador%20Ufesa%20De%20Pie%2018%20Ottawa%20Sfm185%20%28Gs%20280.000%29,https://miltonroa.github.io/mundo-ofertas/catalog/img/tupi-86268.jpg,,Tarvo
TRV-7BE29CF2,TV Tokyo TVTOKHF32G5 Google TV 32 Pulgadas HD Smart,Precio con delivery incluido (zona de cobertura y recargo a coordinar). Entrega rápida en Paraguay. Compra gestionada por Tarvo — pedinos por WhatsApp.,in stock,new,1295000 PYG,https://wa.me/595992805800?text=Hola%21%20Quiero%20pedir%3A%20TV%20Tokyo%20TVTOKHF32G5%20Google%20TV%2032%20Pulgad%20%28Gs%201.295.000%29,https://www.gonzalezgimenez.com.py/storage/sku/tokyo_smart-tv-hd_tv-tokyo-tvtokhf32g5-google-tv-32-pulgadas-hd-smart_1_1767964364.png?v=1767964366,,Tarvo
TRV-B235E8E5,Sony WH-CH720NL Auriculares inalámbricos Bluetooth con cancelación de,"Importado de USA. Precio final en guaraníes, todo incluido. Te lo traemos del exterior: llega en 2 a 3 semanas. Compra gestionada por Tarvo — pedinos por WhatsApp.",in stock,new,1155000 PYG,https://wa.me/595992805800?text=Hola%21%20Quiero%20pedir%3A%20Sony%20WH-CH720NL%20Auriculares%20inal%C3%A1mbricos%20%28Gs%201.155.000%29,https://m.media-amazon.com/images/I/718ckKDsZ+L._AC_SL1000_.jpg,,Tarvo
TRV-6511DF35,"Horno Electrico Jam 50 Lts Dn50E Rml C Luz Interna, Spiedo, Timer 120M",Precio con delivery incluido (zona de cobertura y recargo a coordinar). Entrega rápida en Paraguay. Compra gestionada por Tarvo — pedinos por WhatsApp.,in stock,new,825000 PYG,https://wa.me/595992805800?text=Hola%21%20Quiero%20pedir%3A%20Horno%20Electrico%20Jam%2050%20Lts%20Dn50E%20Rml%20C%20L%20%28Gs%20825.000%29,https://miltonroa.github.io/mundo-ofertas/catalog/img/tupi-45225.jpg,,Tarvo
TRV-ABD47BC1,Celular Samsung A16 128GB Black SM-A165M/DS,Precio con delivery incluido (zona de cobertura y recargo a coordinar). Entrega rápida en Paraguay. Compra gestionada por Tarvo — pedinos por WhatsApp.,in stock,new,1310000 PYG,https://wa.me/595992805800?text=Hola%21%20Quiero%20pedir%3A%20Celular%20Samsung%20A16%20128GB%20Black%20SM-A165M%20%28Gs%201.310.000%29,https://www.gonzalezgimenez.com.py/storage/sku/samsung-celulares-celular-samsung-a16-128gb-black-sm-a165mds-1-1-1741788689.jpg?v=1741788689,,Tarvo
TRV-53959AD6,【Enfoque automático y 1080P】Mini proyector inteligente Magcubic compat,"Importado de USA. Precio final en guaraníes, todo incluido. Te lo traemos del exterior: llega en 2 a 3 semanas. Compra gestionada por Tarvo — pedinos por WhatsApp.",in stock,new,755000 PYG,https://wa.me/595992805800?text=Hola%21%20Quiero%20pedir%3A%20%E3%80%90Enfoque%20autom%C3%A1tico%20y%201080P%E3%80%91Mini%20proyect%20%28Gs%20755.000%29,https://m.media-amazon.com/images/I/51Oy0R2d06L._AC_SL1000_.jpg,,Tarvo
TRV-73BF3478,Aire Acondicionado Jam Inverter 12.000 Btu Split Frio Calor Jfi 12Hrfn,Precio con delivery incluido (zona de cobertura y recargo a coordinar). Entrega rápida en Paraguay. Compra gestionada por Tarvo — pedinos por WhatsApp.,in stock,new,3280000 PYG,https://wa.me/595992805800?text=Hola%21%20Quiero%20pedir%3A%20Aire%20Acondicionado%20Jam%20Inverter%2012.000%20B%20%28Gs%203.280.000%29,https://miltonroa.github.io/mundo-ofertas/catalog/img/tupi-76778.jpg,,Tarvo
TRV-6277EE14,Acondicionador de Aire Altech 18000 BTU F/C ECO ALT18H410 Split,Precio con delivery incluido (zona de cobertura y recargo a coordinar). Entrega rápida en Paraguay. Compra gestionada por Tarvo — pedinos por WhatsApp.,in stock,new,3920000 PYG,https://wa.me/595992805800?text=Hola%21%20Quiero%20pedir%3A%20Acondicionador%20de%20Aire%20Altech%2018000%20BTU%20%28Gs%203.920.000%29,https://miltonroa.github.io/mundo-ofertas/catalog/img/gg-6355-v006195c0.jpg,,Tarvo
TRV-EE649F3A,"DJI Osmo Action 6 Essential Combo, cámara de acción impermeable 8K | 1","Importado de USA. Precio final en guaraníes, todo incluido. Te lo traemos del exterior: llega en 2 a 3 semanas. Compra gestionada por Tarvo — pedinos por WhatsApp.",in stock,new,3670000 PYG,https://wa.me/595992805800?text=Hola%21%20Quiero%20pedir%3A%20DJI%20Osmo%20Action%206%20Essential%20Combo%2C%20c%C3%A1mar%20%28Gs%203.670.000%29,https://m.media-amazon.com/images/I/71DbE2888ZL._AC_SL1000_.jpg,,Tarvo
TRV-DE080617,Ventilador De Pie Jam Industrial Jm130 4 Aspas Negro30 Base Red. 250W,Precio con delivery incluido (zona de cobertura y recargo a coordinar). Entrega rápida en Paraguay. Compra gestionada por Tarvo — pedinos por WhatsApp.,in stock,new,800000 PYG,https://wa.me/595992805800?text=Hola%21%20Quiero%20pedir%3A%20Ventilador%20De%20Pie%20Jam%20Industrial%20Jm130%204%20%28Gs%20800.000%29,https://miltonroa.github.io/mundo-ofertas/catalog/img/tupi-66065.jpg,,Tarvo
TRV-52E1647B,Anafe Altech 60GH096 4H A GAS,Precio con delivery incluido (zona de cobertura y recargo a coordinar). Entrega rápida en Paraguay. Compra gestionada por Tarvo — pedinos por WhatsApp.,in stock,new,1055000 PYG,https://wa.me/595992805800?text=Hola%21%20Quiero%20pedir%3A%20Anafe%20Altech%2060GH096%204H%20A%20GAS%20%28Gs%201.055.000%29,https://miltonroa.github.io/mundo-ofertas/catalog/img/gg-7457-vefca8f9a.jpg,,Tarvo
TRV-4D2A16B4,Sony WH-CH720NL Auriculares inalámbricos Bluetooth con cancelación de,"Importado de USA. Precio final en guaraníes, todo incluido. Te lo traemos del exterior: llega en 2 a 3 semanas. Compra gestionada por Tarvo — pedinos por WhatsApp.",in stock,new,1140000 PYG,https://wa.me/595992805800?text=Hola%21%20Quiero%20pedir%3A%20Sony%20WH-CH720NL%20Auriculares%20inal%C3%A1mbricos%20%28Gs%201.140.000%29,https://m.media-amazon.com/images/I/51yqDN5h3LL._AC_SL1000_.jpg,,Tarvo
TRV-51D78412,Tablet Doogee U11 Kids 11 4 128Gb Wifi Rosa 176851 0,Precio con delivery incluido (zona de cobertura y recargo a coordinar). Entrega rápida en Paraguay. Compra gestionada por Tarvo — pedinos por WhatsApp.,in stock,new,1020000 PYG,https://wa.me/595992805800?text=Hola%21%20Quiero%20pedir%3A%20Tablet%20Doogee%20U11%20Kids%2011%204%20128Gb%20Wifi%20R%20%28Gs%201.020.000%29,https://miltonroa.github.io/mundo-ofertas/catalog/img/tupi-234313.jpg,,Tarvo
TRV-04C18917,Celular Samsung Galaxy A56 5G 8GB/256GB Graphite,Precio con delivery incluido (zona de cobertura y recargo a coordinar). Entrega rápida en Paraguay. Compra gestionada por Tarvo — pedinos por WhatsApp.,in stock,new,3425000 PYG,https://wa.me/595992805800?text=Hola%21%20Quiero%20pedir%3A%20Celular%20Samsung%20Galaxy%20A56%205G%208GB/256GB%20%28Gs%203.425.000%29,https://www.gonzalezgimenez.com.py/storage/sku/samsung_smartphones_celular-samsung-galaxy-a56-5g-8gb256gb-graphite_1_1784029064.png?v=1784029066,"https://www.gonzalezgimenez.com.py/storage/sku/samsung_smartphones_celular-samsung-galaxy-a56-5g-8gb256gb-graphite_2_1784029066.png,https://www.gonzalezgimenez.com.py/storage/sku/samsung_smartphones_celular-samsung-galaxy-a56-5g-8gb256gb-graphite_3_1784029068.png,https://www.gonzalezgimenez.com.py/storage/sku/samsung_smartphones_celular-samsung-galaxy-a56-5g-8gb256gb-graphite_4_1784029069.png",Tarvo
TRV-4CC0C98B,"Magcubic Proyector inteligente con WiFi 6 y Bluetooth 5.4, proyector p","Importado de USA. Precio final en guaraníes, todo incluido. Te lo traemos del exterior: llega en 2 a 3 semanas. Compra gestionada por Tarvo — pedinos por WhatsApp.",in stock,new,1080000 PYG,https://wa.me/595992805800?text=Hola%21%20Quiero%20pedir%3A%20Magcubic%20Proyector%20inteligente%20con%20WiFi%20%28Gs%201.080.000%29,https://m.media-amazon.com/images/I/51y3iiGihsL._AC_SL1000_.jpg,,Tarvo
TRV-5CCE6A45,Ventilador De Pie Ftx 3 Velocidades Brisa 60W 220V Negro Metal Fs 40Mf,Precio con delivery incluido (zona de cobertura y recargo a coordinar). Entrega rápida en Paraguay. Compra gestionada por Tarvo — pedinos por WhatsApp.,in stock,new,455000 PYG,https://wa.me/595992805800?text=Hola%21%20Quiero%20pedir%3A%20Ventilador%20De%20Pie%20Ftx%203%20Velocidades%20Bris%20%28Gs%20455.000%29,https://miltonroa.github.io/mundo-ofertas/catalog/img/tupi-150287.jpg,,Tarvo
TRV-071FAA86,Licuadora Altech BL2524CEE-MP01S 1000W,Precio con delivery incluido (zona de cobertura y recargo a coordinar). Entrega rápida en Paraguay. Compra gestionada por Tarvo — pedinos por WhatsApp.,in stock,new,450000 PYG,https://wa.me/595992805800?text=Hola%21%20Quiero%20pedir%3A%20Licuadora%20Altech%20BL2524CEE-MP01S%201000W%20%28Gs%20450.000%29,https://miltonroa.github.io/mundo-ofertas/catalog/img/gg-7378-v6a7c30d0.jpg,,Tarvo
TRV-6A49FD59,SJCAM SJ6Ultra 4K Camera 30M Underwater Action Camera with Touchscreen,"Importado de USA. Precio final en guaraníes, todo incluido. Te lo traemos del exterior: llega en 2 a 3 semanas. Compra gestionada por Tarvo — pedinos por WhatsApp.",in stock,new,790000 PYG,https://wa.me/595992805800?text=Hola%21%20Quiero%20pedir%3A%20SJCAM%20SJ6Ultra%204K%20Camera%2030M%20Underwater%20%28Gs%20790.000%29,https://m.media-amazon.com/images/I/71ZoAQZjs+L._AC_SL1000_.jpg,,Tarvo
TRV-D22F332B,Ventilador De Piso Ftx 3 Velocidades Rafaga 90W 220V Negro Plast Kyt50,Precio con delivery incluido (zona de cobertura y recargo a coordinar). Entrega rápida en Paraguay. Compra gestionada por Tarvo — pedinos por WhatsApp.,in stock,new,350000 PYG,https://wa.me/595992805800?text=Hola%21%20Quiero%20pedir%3A%20Ventilador%20De%20Piso%20Ftx%203%20Velocidades%20Raf%20%28Gs%20350.000%29,https://miltonroa.github.io/mundo-ofertas/catalog/img/tupi-150285.jpg,,Tarvo
TRV-324D5007,Batidora Altech MJ-KM1200W 6.5Lts Bruto,Precio con delivery incluido (zona de cobertura y recargo a coordinar). Entrega rápida en Paraguay. Compra gestionada por Tarvo — pedinos por WhatsApp.,in stock,new,1115000 PYG,https://wa.me/595992805800?text=Hola%21%20Quiero%20pedir%3A%20Batidora%20Altech%20MJ-KM1200W%206.5Lts%20Bruto%20%28Gs%201.115.000%29,https://miltonroa.github.io/mundo-ofertas/catalog/img/gg-7384-v598d6c66.jpg,,Tarvo
TRV-D03F2B76,"Bluetooth Headphones, Noise Cancelling Headphones Wireless Over Ear -B","Importado de USA. Precio final en guaraníes, todo incluido. Te lo traemos del exterior: llega en 2 a 3 semanas. Compra gestionada por Tarvo — pedinos por WhatsApp.",in stock,new,670000 PYG,https://wa.me/595992805800?text=Hola%21%20Quiero%20pedir%3A%20Bluetooth%20Headphones%2C%20Noise%20Cancelling%20H%20%28Gs%20670.000%29,https://m.media-amazon.com/images/I/71Y9JmwNr7L._AC_SL1000_.jpg,,Tarvo
TRV-E03202B4,Vaporera Ariete Coccion 929 675,Precio con delivery incluido (zona de cobertura y recargo a coordinar). Entrega rápida en Paraguay. Compra gestionada por Tarvo — pedinos por WhatsApp.,in stock,new,510000 PYG,https://wa.me/595992805800?text=Hola%21%20Quiero%20pedir%3A%20Vaporera%20Ariete%20Coccion%20929%20675%20%28Gs%20510.000%29,https://miltonroa.github.io/mundo-ofertas/catalog/img/tupi-62673.jpg,,Tarvo
TRV-F5009182,Vehículo Spidey Jazwares Spidey Dino Rex,Precio con delivery incluido (zona de cobertura y recargo a coordinar). Entrega rápida en Paraguay. Compra gestionada por Tarvo — pedinos por WhatsApp.,in stock,new,255000 PYG,https://wa.me/595992805800?text=Hola%21%20Quiero%20pedir%3A%20Veh%C3%ADculo%20Spidey%20Jazwares%20Spidey%20Dino%20Rex%20%28Gs%20255.000%29,https://www.gonzalezgimenez.com.py/storage/sku/jazwares-juguetes-vehiculo-spidey-jazwares-spidey-dino-rex-1-1-1754754338.jpg?v=1754754338,,Tarvo
TRV-003B9A8A,Aurzen Roku TV Proyector portátil inteligente alimentado por USB-C con,"Importado de USA. Precio final en guaraníes, todo incluido. Te lo traemos del exterior: llega en 2 a 3 semanas. Compra gestionada por Tarvo — pedinos por WhatsApp.",in stock,new,1400000 PYG,https://wa.me/595992805800?text=Hola%21%20Quiero%20pedir%3A%20Aurzen%20Roku%20TV%20Proyector%20port%C3%A1til%20inteli%20%28Gs%201.400.000%29,https://m.media-amazon.com/images/I/615UC1TJ5JL._AC_SL1000_.jpg,,Tarvo
TRV-24EF0C56,Super Mario Castillo de Peach Jakks NTND,Precio con delivery incluido (zona de cobertura y recargo a coordinar). Entrega rápida en Paraguay. Compra gestionada por Tarvo — pedinos por WhatsApp.,in stock,new,285000 PYG,https://wa.me/595992805800?text=Hola%21%20Quiero%20pedir%3A%20Super%20Mario%20Castillo%20de%20Peach%20Jakks%20NTND%20%28Gs%20285.000%29,https://www.gonzalezgimenez.com.py/storage/sku/jakks-juguetes-super-mario-castillo-de-peach-jakks-ntnd-1-1-1754854640.jpg?v=1754854640,,Tarvo
TRV-D1B904EF,"Amazfit Active 2 - Reloj inteligente de alta calidad, cristal de zafir","Importado de USA. Precio final en guaraníes, todo incluido. Te lo traemos del exterior: llega en 2 a 3 semanas. Compra gestionada por Tarvo — pedinos por WhatsApp.",in stock,new,1150000 PYG,https://wa.me/595992805800?text=Hola%21%20Quiero%20pedir%3A%20Amazfit%20Active%202%20-%20Reloj%20inteligente%20de%20%28Gs%201.150.000%29,https://m.media-amazon.com/images/I/71XpjL4qkPL._AC_SL1000_.jpg,,Tarvo
TRV-4BEEA990,Super Mario Bajo el Agua Play Set Jakks NTND,Precio con delivery incluido (zona de cobertura y recargo a coordinar). Entrega rápida en Paraguay. Compra gestionada por Tarvo — pedinos por WhatsApp.,in stock,new,240000 PYG,https://wa.me/595992805800?text=Hola%21%20Quiero%20pedir%3A%20Super%20Mario%20Bajo%20el%20Agua%20Play%20Set%20Jakks%20%28Gs%20240.000%29,https://www.gonzalezgimenez.com.py/storage/sku/jakks-juguetes-super-mario-bajo-el-agua-play-set-jakks-ntnd-1-1-1754854502.jpg?v=1754854502,,Tarvo
TRV-5BC898C9,"KOSPET ORB 2 Smart Watch Rugged, Dual-Band GPS, 5 ATM & IP69 Waterproo","Importado de USA. Precio final en guaraníes, todo incluido. Te lo traemos del exterior: llega en 2 a 3 semanas. Compra gestionada por Tarvo — pedinos por WhatsApp.",in stock,new,750000 PYG,https://wa.me/595992805800?text=Hola%21%20Quiero%20pedir%3A%20KOSPET%20ORB%202%20Smart%20Watch%20Rugged%2C%20Dual-Ba%20%28Gs%20750.000%29,https://m.media-amazon.com/images/I/71ij4AItRpL._AC_SL1000_.jpg,,Tarvo
TRV-831877EB,Sonic Huevo de la Muerte Jakks Sega,Precio con delivery incluido (zona de cobertura y recargo a coordinar). Entrega rápida en Paraguay. Compra gestionada por Tarvo — pedinos por WhatsApp.,in stock,new,460000 PYG,https://wa.me/595992805800?text=Hola%21%20Quiero%20pedir%3A%20Sonic%20Huevo%20de%20la%20Muerte%20Jakks%20Sega%20%28Gs%20460.000%29,https://www.gonzalezgimenez.com.py/storage/sku/jakks-juguetes-sonic-huevo-de-la-muerte-jakks-sega-1-1-1754854769.jpg?v=1754854769,,Tarvo
TRV-03D4FA52,"Amazfit Bip Max - Reloj inteligente de 1.969 in, pantalla AMOLED de 2.","Importado de USA. Precio final en guaraníes, todo incluido. Te lo traemos del exterior: llega en 2 a 3 semanas. Compra gestionada por Tarvo — pedinos por WhatsApp.",in stock,new,910000 PYG,https://wa.me/595992805800?text=Hola%21%20Quiero%20pedir%3A%20Amazfit%20Bip%20Max%20-%20Reloj%20inteligente%20de%201%20%28Gs%20910.000%29,https://m.media-amazon.com/images/I/61OTdIqfb5L._AC_SL1000_.jpg,,Tarvo
TRV-4876639C,Secador de Uñas Make It Real Beauty Light Magic Nail Dryer 2509,Precio con delivery incluido (zona de cobertura y recargo a coordinar). Entrega rápida en Paraguay. Compra gestionada por Tarvo — pedinos por WhatsApp.,in stock,new,230000 PYG,https://wa.me/595992805800?text=Hola%21%20Quiero%20pedir%3A%20Secador%20de%20U%C3%B1as%20Make%20It%20Real%20Beauty%20Ligh%20%28Gs%20230.000%29,https://www.gonzalezgimenez.com.py/storage/sku/mau-toys-juguetes-secador-de-unas-make-it-real-beauty-light-magic-nail-dryer-2509-1-1-1754855099.jpg?v=1754855099,,Tarvo
TRV-31537274,"Amazfit Active 2 - Reloj inteligente, pantalla AMOLED de 1.32"", GPS, i","Importado de USA. Precio final en guaraníes, todo incluido. Te lo traemos del exterior: llega en 2 a 3 semanas. Compra gestionada por Tarvo — pedinos por WhatsApp.",in stock,new,805000 PYG,https://wa.me/595992805800?text=Hola%21%20Quiero%20pedir%3A%20Amazfit%20Active%202%20-%20Reloj%20inteligente%2C%20pa%20%28Gs%20805.000%29,https://m.media-amazon.com/images/I/71rNwQV3ORL._AC_SL1000_.jpg,,Tarvo
TRV-C8CB9081,Roller Globber en línea 2 en 1 EU 26-29,Precio con delivery incluido (zona de cobertura y recargo a coordinar). Entrega rápida en Paraguay. Compra gestionada por Tarvo — pedinos por WhatsApp.,in stock,new,550000 PYG,https://wa.me/595992805800?text=Hola%21%20Quiero%20pedir%3A%20Roller%20Globber%20en%20l%C3%ADnea%202%20en%201%20EU%2026-29%20%28Gs%20550.000%29,https://www.gonzalezgimenez.com.py/storage/sku/globber_deportes_roller-globber-en-linea-2-en-1-eu-26-29_2_1766580012.webp?v=1766580013,,Tarvo
TRV-814E92DF,"Amazfit Bip Max - Reloj inteligente de 1.969 in, pantalla AMOLED de 2.","Importado de USA. Precio final en guaraníes, todo incluido. Te lo traemos del exterior: llega en 2 a 3 semanas. Compra gestionada por Tarvo — pedinos por WhatsApp.",in stock,new,805000 PYG,https://wa.me/595992805800?text=Hola%21%20Quiero%20pedir%3A%20Amazfit%20Bip%20Max%20-%20Reloj%20inteligente%20de%201%20%28Gs%20805.000%29,https://m.media-amazon.com/images/I/61MTzMv-9AL._AC_SL1000_.jpg,,Tarvo
TRV-A40AD588,Nerf Ultra Screamin’ Machine Hasbro,Precio con delivery incluido (zona de cobertura y recargo a coordinar). Entrega rápida en Paraguay. Compra gestionada por Tarvo — pedinos por WhatsApp.,in stock,new,430000 PYG,https://wa.me/595992805800?text=Hola%21%20Quiero%20pedir%3A%20Nerf%20Ultra%20Screamin%E2%80%99%20Machine%20Hasbro%20%28Gs%20430.000%29,https://www.gonzalezgimenez.com.py/storage/sku/hasbro-juguetes-nerf-ultra-screamin-machine-hasbro-1-1-1754856787.jpg?v=1754856787,,Tarvo
TRV-930FD19A,"Reloj inteligente para hombre, llamadas Bluetooth, pantalla AMOLED de","Importado de USA. Precio final en guaraníes, todo incluido. Te lo traemos del exterior: llega en 2 a 3 semanas. Compra gestionada por Tarvo — pedinos por WhatsApp.",in stock,new,1620000 PYG,https://wa.me/595992805800?text=Hola%21%20Quiero%20pedir%3A%20Reloj%20inteligente%20para%20hombre%2C%20llamadas%20%28Gs%201.620.000%29,https://m.media-amazon.com/images/I/71BC9kpTspL._AC_SL1000_.jpg,,Tarvo
TRV-CB76FB3E,Muñeco Jazwares CMW Peek-A-Boo,Precio con delivery incluido (zona de cobertura y recargo a coordinar). Entrega rápida en Paraguay. Compra gestionada por Tarvo — pedinos por WhatsApp.,in stock,new,240000 PYG,https://wa.me/595992805800?text=Hola%21%20Quiero%20pedir%3A%20Mu%C3%B1eco%20Jazwares%20CMW%20Peek-A-Boo%20%28Gs%20240.000%29,https://www.gonzalezgimenez.com.py/storage/sku/jazwares-juguetes-muneco-jazwares-cmw-peek-a-boo-1-1-1754755430.jpg?v=1754755430,,Tarvo
TRV-525C72D5,"Amazfit T-Rex 3, reloj inteligente, pantalla AMOLED de 1.5"", GPS, iOS/","Importado de USA. Precio final en guaraníes, todo incluido. Te lo traemos del exterior: llega en 2 a 3 semanas. Compra gestionada por Tarvo — pedinos por WhatsApp.",in stock,new,1975000 PYG,https://wa.me/595992805800?text=Hola%21%20Quiero%20pedir%3A%20Amazfit%20T-Rex%203%2C%20reloj%20inteligente%2C%20pant%20%28Gs%201.975.000%29,https://m.media-amazon.com/images/I/71GtgMbKvKL._AC_SL1000_.jpg,,Tarvo
TRV-67550DFE,Ventilador De Techo Jam Tcf 604 Motor Pesado 3 Alas 5Vel. 80W Blanco 5,Precio con delivery incluido (zona de cobertura y recargo a coordinar). Entrega rápida en Paraguay. Compra gestionada por Tarvo — pedinos por WhatsApp.,in stock,new,335000 PYG,https://wa.me/595992805800?text=Hola%21%20Quiero%20pedir%3A%20Ventilador%20De%20Techo%20Jam%20Tcf%20604%20Motor%20Pe%20%28Gs%20335.000%29,https://miltonroa.github.io/mundo-ofertas/catalog/img/tupi-52466.jpg,,Tarvo
TRV-9AC590C8,Mezclador de Esmaltes de Uñas Make It Real Color Fusion,Precio con delivery incluido (zona de cobertura y recargo a coordinar). Entrega rápida en Paraguay. Compra gestionada por Tarvo — pedinos por WhatsApp.,in stock,new,260000 PYG,https://wa.me/595992805800?text=Hola%21%20Quiero%20pedir%3A%20Mezclador%20de%20Esmaltes%20de%20U%C3%B1as%20Make%20It%20Re%20%28Gs%20260.000%29,https://www.gonzalezgimenez.com.py/storage/sku/mau-toys-juguetes-mezclador-de-esmaltes-de-unas-make-it-real-color-fusion-1-1-1754855949.jpg?v=1754855949,,Tarvo
TRV-85C28045,"Amazfit Balance 2 - Reloj inteligente, cristal de zafiro AMOLED de 1,5","Importado de USA. Precio final en guaraníes, todo incluido. Te lo traemos del exterior: llega en 2 a 3 semanas. Compra gestionada por Tarvo — pedinos por WhatsApp.",in stock,new,1970000 PYG,https://wa.me/595992805800?text=Hola%21%20Quiero%20pedir%3A%20Amazfit%20Balance%202%20-%20Reloj%20inteligente%2C%20c%20%28Gs%201.970.000%29,https://m.media-amazon.com/images/I/71VjhwZ2XKL._AC_SL1000_.jpg,,Tarvo
TRV-748BBC44,Teclado Logit 920 007820 Mk345 Combo Wir,Precio con delivery incluido (zona de cobertura y recargo a coordinar). Entrega rápida en Paraguay. Compra gestionada por Tarvo — pedinos por WhatsApp.,in stock,new,305000 PYG,https://wa.me/595992805800?text=Hola%21%20Quiero%20pedir%3A%20Teclado%20Logit%20920%20007820%20Mk345%20Combo%20Wir%20%28Gs%20305.000%29,https://miltonroa.github.io/mundo-ofertas/catalog/img/tupi-65657.jpg,,Tarvo
TRV-04C5BADE,Lavado De Autos Monster Jam Megalodon,Precio con delivery incluido (zona de cobertura y recargo a coordinar). Entrega rápida en Paraguay. Compra gestionada por Tarvo — pedinos por WhatsApp.,in stock,new,550000 PYG,https://wa.me/595992805800?text=Hola%21%20Quiero%20pedir%3A%20Lavado%20De%20Autos%20Monster%20Jam%20Megalodon%20%28Gs%20550.000%29,https://www.gonzalezgimenez.com.py/storage/sku/monster-jam-juguetes-lavado-de-autos-monster-jam-megalodon-1-1-1754755608.jpg?v=1754755608,,Tarvo
TRV-7E19CB71,"SOUYIE Reloj inteligente rastreador de fitness para hombres y mujeres,","Importado de USA. Precio final en guaraníes, todo incluido. Te lo traemos del exterior: llega en 2 a 3 semanas. Compra gestionada por Tarvo — pedinos por WhatsApp.",in stock,new,920000 PYG,https://wa.me/595992805800?text=Hola%21%20Quiero%20pedir%3A%20SOUYIE%20Reloj%20inteligente%20rastreador%20de%20f%20%28Gs%20920.000%29,https://m.media-amazon.com/images/I/61e1my7Xu0L._AC_SL1000_.jpg,,Tarvo
TRV-539031D9,Juego De Mesa Bingo Balotera De Lujo Ronda,Precio con delivery incluido (zona de cobertura y recargo a coordinar). Entrega rápida en Paraguay. Compra gestionada por Tarvo — pedinos por WhatsApp.,in stock,new,230000 PYG,https://wa.me/595992805800?text=Hola%21%20Quiero%20pedir%3A%20Juego%20De%20Mesa%20Bingo%20Balotera%20De%20Lujo%20Ron%20%28Gs%20230.000%29,https://www.gonzalezgimenez.com.py/storage/sku/ronda-juguetes-juego-de-mesa-bingo-balotera-de-lujo-ronda-1-1-1754754564.jpg?v=1754754564,,Tarvo
TRV-5D4BFE40,"Logitech G413 SE Teclado mecánico para juegos de tamaño completo, colo","Importado de USA. Precio final en guaraníes, todo incluido. Te lo traemos del exterior: llega en 2 a 3 semanas. Compra gestionada por Tarvo — pedinos por WhatsApp.",in stock,new,705000 PYG,https://wa.me/595992805800?text=Hola%21%20Quiero%20pedir%3A%20Logitech%20G413%20SE%20Teclado%20mec%C3%A1nico%20para%20j%20%28Gs%20705.000%29,https://m.media-amazon.com/images/I/61thTSgqWOL._AC_SL1000_.jpg,,Tarvo
TRV-1D90FC41,Freidora Air Fryer Jam 4L Negro 1500W 92946,Precio con delivery incluido (zona de cobertura y recargo a coordinar). Entrega rápida en Paraguay. Compra gestionada por Tarvo — pedinos por WhatsApp.,in stock,new,410000 PYG,https://wa.me/595992805800?text=Hola%21%20Quiero%20pedir%3A%20Freidora%20Air%20Fryer%20Jam%204L%20Negro%201500W%2092%20%28Gs%20410.000%29,https://miltonroa.github.io/mundo-ofertas/catalog/img/tupi-92946.jpg,,Tarvo
TRV-6EBD7E48,"Freidora de aire doble grande de 12 cuartos de galón, freidora de aire","Importado de USA. Precio final en guaraníes, todo incluido. Te lo traemos del exterior: llega en 2 a 3 semanas. Compra gestionada por Tarvo — pedinos por WhatsApp.",in stock,new,1215000 PYG,https://wa.me/595992805800?text=Hola%21%20Quiero%20pedir%3A%20Freidora%20de%20aire%20doble%20grande%20de%2012%20cuar%20%28Gs%201.215.000%29,https://m.media-amazon.com/images/I/711ZSpq2rgL._AC_SL1000_.jpg,,Tarvo
TRV-D1134E33,Cámara De Fotos Instantánea Buki,Precio con delivery incluido (zona de cobertura y recargo a coordinar). Entrega rápida en Paraguay. Compra gestionada por Tarvo — pedinos por WhatsApp.,in stock,new,740000 PYG,https://wa.me/595992805800?text=Hola%21%20Quiero%20pedir%3A%20C%C3%A1mara%20De%20Fotos%20Instant%C3%A1nea%20Buki%20%28Gs%20740.000%29,https://www.gonzalezgimenez.com.py/storage/sku/buki-juguetes-camara-de-fotos-instantanea-buki-1-1-1754755207.jpg?v=1754755207,,Tarvo
TRV-996838DE,Batidora Con Bol 400W Bv4655 Ufesa,Precio con delivery incluido (zona de cobertura y recargo a coordinar). Entrega rápida en Paraguay. Compra gestionada por Tarvo — pedinos por WhatsApp.,in stock,new,375000 PYG,https://wa.me/595992805800?text=Hola%21%20Quiero%20pedir%3A%20Batidora%20Con%20Bol%20400W%20Bv4655%20Ufesa%20%28Gs%20375.000%29,https://miltonroa.github.io/mundo-ofertas/catalog/img/tupi-69170.jpg,,Tarvo
TRV-719DF676,Microondas Samsung 23L Quick Defrost 800W Negro Ms23K3513Ak Zs,Precio con delivery incluido (zona de cobertura y recargo a coordinar). Entrega rápida en Paraguay. Compra gestionada por Tarvo — pedinos por WhatsApp.,in stock,new,845000 PYG,https://wa.me/595992805800?text=Hola%21%20Quiero%20pedir%3A%20Microondas%20Samsung%2023L%20Quick%20Defrost%20800%20%28Gs%20845.000%29,https://miltonroa.github.io/mundo-ofertas/catalog/img/tupi-45063.jpg,,Tarvo
TRV-62BE50FF,1 estuche para relojes de 5 ranuras |   Organizador de Viaje de Carcas,"Importado de USA. Precio final en guaraníes, todo incluido. Te lo traemos del exterior: llega en 2 a 3 semanas. Compra gestionada por Tarvo — pedinos por WhatsApp.",in stock,new,140000 PYG,https://wa.me/595992805800?text=Hola%21%20Quiero%20pedir%3A%201%20estuche%20para%20relojes%20de%205%20ranuras%20%7C%20%28Gs%20140.000%29,https://ae-pic-a1.aliexpress-media.com/kf/Sc7a68ff2d98344b9a6b97d66825b7cadm.jpg,,Tarvo
TRV-4596AEF9,Tablet Multilaser Kid Nb413 7 4 64Gb Wifi Negro Mickey Disney 129121,Precio con delivery incluido (zona de cobertura y recargo a coordinar). Entrega rápida en Paraguay. Compra gestionada por Tarvo — pedinos por WhatsApp.,in stock,new,920000 PYG,https://wa.me/595992805800?text=Hola%21%20Quiero%20pedir%3A%20Tablet%20Multilaser%20Kid%20Nb413%207%204%2064Gb%20Wif%20%28Gs%20920.000%29,https://miltonroa.github.io/mundo-ofertas/catalog/img/tupi-154167.jpg,,Tarvo
TRV-D8677E75,Juego Sony Ps5 Marvel Spiderman Miles Morales Launch Edition En Fr Sp,Precio con delivery incluido (zona de cobertura y recargo a coordinar). Entrega rápida en Paraguay. Compra gestionada por Tarvo — pedinos por WhatsApp.,in stock,new,385000 PYG,https://wa.me/595992805800?text=Hola%21%20Quiero%20pedir%3A%20Juego%20Sony%20Ps5%20Marvel%20Spiderman%20Miles%20Mo%20%28Gs%20385.000%29,https://miltonroa.github.io/mundo-ofertas/catalog/img/tupi-86326.jpg,,Tarvo
